"","participant_id","is_br","prop_on"
"1","105",FALSE,1
"2","206",FALSE,0.441297208538588
"3","303",FALSE,0.881063394683027
"4","405",TRUE,0.906306306306306
"5","502",FALSE,1
"6","510",FALSE,0.0182987141444115
"7","513",FALSE,0.682116647354191
"8","515",FALSE,0.629988376598218
"9","606",TRUE,0.902571041948579
"10","613",FALSE,0.544611819235226
"11","all",NA,0.812302115358143
