"","hepa","k_val_mean","k_val_median","k_val_min","k_val_max","peak_hgt_mean","peak_hgt_median","peak_wdh_min","peak_wdh_max","peak_wdh_mean","peak_wdh_median","total_plume_area"
"1",FALSE,0.0780479769664129,0.0307617794905493,0.000411077487993258,0.905150651891147,91.4017969924812,40.485,6,9776,667.067669172932,266,1675749.567
"2",TRUE,0.0928656924677061,0.0401897691371762,0.000928341621208352,3.54768554919317,52.4162056737589,17.716,9,3955,439.929078014184,208,779311.053
