"","participant_id","prop_on"
"1",2,0.135150482680295
"2",3,0.207896051974013
"3",5,0.191127098321343
"4",6,0.206196581196581
"5",7,0.202364066193853
"6",8,0.197162779514306
