"","participant_id","prop_on"
"1","11",0.340486409155937
"2","2",0.196623634558093
"3","3",0.375
"4","5",0.410828025477707
"5","6",0.444078947368421
"6","7",0.385494287133631
"7","8",0.383
